date,year,month,region,direction,container_volume,industrial_production_index,truck_toll_index,business_climate_index
2020-01-01,2020,1,REGION_A,IMPORT,5229,97.92,102.75,93.96
2020-02-01,2020,2,REGION_A,IMPORT,4699,101.57,103.68,93.53
2020-03-01,2020,3,REGION_A,IMPORT,4494,102.02,105.04,94.76
2020-04-01,2020,4,REGION_A,IMPORT,4624,96.31,102.82,97.83
2020-05-01,2020,5,REGION_A,IMPORT,4846,97.68,102.24,95.62
2020-06-01,2020,6,REGION_A,IMPORT,4637,100.61,100.94,94.89
2020-07-01,2020,7,REGION_A,IMPORT,3494,99.79,97.54,92.75
2020-08-01,2020,8,REGION_A,IMPORT,3446,100.46,97.22,91.21
2020-09-01,2020,9,REGION_A,IMPORT,3241,98.86,95.01,94.23
2020-10-01,2020,10,REGION_A,IMPORT,4594,102.39,95.99,95.37
2020-11-01,2020,11,REGION_A,IMPORT,4978,102.26,97.43,99.98
2020-12-01,2020,12,REGION_A,IMPORT,4290,100.91,98.21,95.95
2021-01-01,2021,1,REGION_A,IMPORT,4942,103.1,102.73,98.13
2021-02-01,2021,2,REGION_A,IMPORT,4383,101.85,102.76,94.48
2021-03-01,2021,3,REGION_A,IMPORT,4679,99.27,104.02,92.83
2021-04-01,2021,4,REGION_A,IMPORT,5194,101.79,104.19,93.43
2021-05-01,2021,5,REGION_A,IMPORT,5525,99.21,102.67,94.09
2021-06-01,2021,6,REGION_A,IMPORT,4619,102.95,101.0,101.28
2021-07-01,2021,7,REGION_A,IMPORT,3971,101.17,97.85,93.96
2021-08-01,2021,8,REGION_A,IMPORT,2799,100.97,95.9,98.17
2021-09-01,2021,9,REGION_A,IMPORT,3353,100.05,95.88,93.87
2021-10-01,2021,10,REGION_A,IMPORT,3342,103.92,94.0,98.51
2021-11-01,2021,11,REGION_A,IMPORT,4109,101.24,95.83,97.2
2021-12-01,2021,12,REGION_A,IMPORT,4514,100.76,98.02,95.9
2022-01-01,2022,1,REGION_A,IMPORT,5158,100.99,100.5,96.25
2022-02-01,2022,2,REGION_A,IMPORT,4546,102.83,104.06,94.77
2022-03-01,2022,3,REGION_A,IMPORT,4652,102.56,102.64,97.58
2022-04-01,2022,4,REGION_A,IMPORT,6233,102.73,102.9,95.38
2022-05-01,2022,5,REGION_A,IMPORT,4799,102.83,103.95,93.51
2022-06-01,2022,6,REGION_A,IMPORT,4665,106.33,99.47,93.44
2022-07-01,2022,7,REGION_A,IMPORT,5338,101.3,99.11,97.12
2022-08-01,2022,8,REGION_A,IMPORT,5221,101.16,95.14,100.69
2022-09-01,2022,9,REGION_A,IMPORT,3212,100.63,95.69,97.2
2022-10-01,2022,10,REGION_A,IMPORT,3869,103.56,95.11,96.56
2022-11-01,2022,11,REGION_A,IMPORT,4834,104.65,97.49,97.63
2022-12-01,2022,12,REGION_A,IMPORT,6009,102.24,101.26,100.24
2023-01-01,2023,1,REGION_A,IMPORT,5012,100.85,99.41,97.58
2023-02-01,2023,2,REGION_A,IMPORT,5408,100.96,104.12,96.06
2023-03-01,2023,3,REGION_A,IMPORT,5941,103.98,104.36,99.91
2023-04-01,2023,4,REGION_A,IMPORT,5812,104.23,102.57,98.27
2023-05-01,2023,5,REGION_A,IMPORT,5470,103.9,99.83,101.09
2023-06-01,2023,6,REGION_A,IMPORT,5270,101.56,100.11,97.77
2023-07-01,2023,7,REGION_A,IMPORT,4190,103.42,97.21,94.31
2023-08-01,2023,8,REGION_A,IMPORT,4121,103.26,96.88,94.0
2023-09-01,2023,9,REGION_A,IMPORT,3963,103.54,96.03,101.61
2023-10-01,2023,10,REGION_A,IMPORT,4524,104.91,98.94,101.84
2023-11-01,2023,11,REGION_A,IMPORT,4667,103.69,97.64,97.14
2023-12-01,2023,12,REGION_A,IMPORT,5680,104.67,98.46,96.69
2024-01-01,2024,1,REGION_A,IMPORT,6261,103.52,102.27,101.36
2024-02-01,2024,2,REGION_A,IMPORT,5873,104.03,103.79,94.99
2024-03-01,2024,3,REGION_A,IMPORT,5999,104.78,106.04,95.58
2024-04-01,2024,4,REGION_A,IMPORT,5860,100.68,104.72,99.48
2024-05-01,2024,5,REGION_A,IMPORT,5852,103.02,102.54,96.94
2024-06-01,2024,6,REGION_A,IMPORT,5327,102.79,102.19,97.97
2024-07-01,2024,7,REGION_A,IMPORT,5156,102.53,96.22,97.63
2024-08-01,2024,8,REGION_A,IMPORT,4458,103.32,95.58,98.94
2024-09-01,2024,9,REGION_A,IMPORT,5267,106.93,94.61,101.67
2024-10-01,2024,10,REGION_A,IMPORT,5190,102.28,95.95,98.44
2024-11-01,2024,11,REGION_A,IMPORT,5367,106.02,95.93,99.88
2024-12-01,2024,12,REGION_A,IMPORT,5308,100.79,100.95,93.2
2025-01-01,2025,1,REGION_A,IMPORT,5550,103.56,101.67,98.26
2025-02-01,2025,2,REGION_A,IMPORT,6543,104.62,101.26,96.33
2025-03-01,2025,3,REGION_A,IMPORT,6157,105.54,102.48,95.45
2025-04-01,2025,4,REGION_A,IMPORT,6354,105.86,103.93,96.35
2025-05-01,2025,5,REGION_A,IMPORT,5440,106.09,103.26,97.77
2025-06-01,2025,6,REGION_A,IMPORT,6346,103.88,103.0,100.95
2025-07-01,2025,7,REGION_A,IMPORT,5564,103.72,102.37,95.4
2025-08-01,2025,8,REGION_A,IMPORT,4364,106.43,97.16,98.85
2025-09-01,2025,9,REGION_A,IMPORT,4307,104.41,94.52,97.62
2025-10-01,2025,10,REGION_A,IMPORT,4823,102.31,93.34,98.07
2025-11-01,2025,11,REGION_A,IMPORT,5449,102.66,98.4,101.45
2025-12-01,2025,12,REGION_A,IMPORT,5850,103.16,98.78,100.35
2020-01-01,2020,1,REGION_A,EXPORT,10260,99.5,103.5,97.32
2020-02-01,2020,2,REGION_A,EXPORT,9221,100.38,101.88,93.54
2020-03-01,2020,3,REGION_A,EXPORT,8805,103.08,103.81,93.78
2020-04-01,2020,4,REGION_A,EXPORT,9178,95.08,105.69,92.49
2020-05-01,2020,5,REGION_A,EXPORT,8238,99.81,100.88,93.59
2020-06-01,2020,6,REGION_A,EXPORT,8617,100.71,98.77,96.35
2020-07-01,2020,7,REGION_A,EXPORT,8199,101.01,98.3,94.86
2020-08-01,2020,8,REGION_A,EXPORT,7440,99.75,97.8,96.22
2020-09-01,2020,9,REGION_A,EXPORT,7496,97.05,96.02,96.36
2020-10-01,2020,10,REGION_A,EXPORT,7763,101.29,98.53,98.81
2020-11-01,2020,11,REGION_A,EXPORT,8622,104.16,99.29,94.71
2020-12-01,2020,12,REGION_A,EXPORT,8398,97.71,101.26,91.93
2021-01-01,2021,1,REGION_A,EXPORT,9713,102.57,102.83,98.34
2021-02-01,2021,2,REGION_A,EXPORT,10053,100.26,106.96,94.9
2021-03-01,2021,3,REGION_A,EXPORT,8729,100.86,103.69,98.58
2021-04-01,2021,4,REGION_A,EXPORT,8690,98.95,100.46,96.8
2021-05-01,2021,5,REGION_A,EXPORT,9910,100.46,104.41,95.57
2021-06-01,2021,6,REGION_A,EXPORT,8894,103.8,99.31,96.83
2021-07-01,2021,7,REGION_A,EXPORT,9084,102.43,98.16,100.89
2021-08-01,2021,8,REGION_A,EXPORT,7602,104.8,98.5,101.26
2021-09-01,2021,9,REGION_A,EXPORT,8079,103.76,93.6,96.3
2021-10-01,2021,10,REGION_A,EXPORT,7705,102.36,94.66,96.58
2021-11-01,2021,11,REGION_A,EXPORT,8551,105.04,95.6,98.93
2021-12-01,2021,12,REGION_A,EXPORT,9747,102.5,98.81,94.18
2022-01-01,2022,1,REGION_A,EXPORT,9217,103.35,102.66,97.18
2022-02-01,2022,2,REGION_A,EXPORT,8895,101.17,104.25,96.34
2022-03-01,2022,3,REGION_A,EXPORT,9139,101.96,104.41,97.25
2022-04-01,2022,4,REGION_A,EXPORT,9506,100.51,101.34,94.44
2022-05-01,2022,5,REGION_A,EXPORT,8536,103.95,98.53,92.6
2022-06-01,2022,6,REGION_A,EXPORT,9265,99.69,100.08,91.45
2022-07-01,2022,7,REGION_A,EXPORT,8171,103.68,97.29,93.9
2022-08-01,2022,8,REGION_A,EXPORT,8336,101.8,97.22,95.6
2022-09-01,2022,9,REGION_A,EXPORT,6386,104.6,97.05,96.07
2022-10-01,2022,10,REGION_A,EXPORT,7523,103.83,96.74,101.7
2022-11-01,2022,11,REGION_A,EXPORT,7820,106.04,99.14,99.68
2022-12-01,2022,12,REGION_A,EXPORT,8761,103.93,100.34,94.57
2023-01-01,2023,1,REGION_A,EXPORT,9551,99.39,102.8,97.9
2023-02-01,2023,2,REGION_A,EXPORT,9392,102.47,102.41,96.07
2023-03-01,2023,3,REGION_A,EXPORT,9293,100.33,103.73,96.43
2023-04-01,2023,4,REGION_A,EXPORT,9451,101.71,103.76,97.66
2023-05-01,2023,5,REGION_A,EXPORT,9762,105.84,103.23,98.8
2023-06-01,2023,6,REGION_A,EXPORT,8747,104.16,99.41,96.46
2023-07-01,2023,7,REGION_A,EXPORT,8967,101.56,98.78,100.03
2023-08-01,2023,8,REGION_A,EXPORT,8164,101.0,96.14,94.57
2023-09-01,2023,9,REGION_A,EXPORT,7844,103.16,95.82,97.49
2023-10-01,2023,10,REGION_A,EXPORT,8283,100.74,97.78,104.03
2023-11-01,2023,11,REGION_A,EXPORT,8715,101.9,95.01,98.15
2023-12-01,2023,12,REGION_A,EXPORT,10346,103.93,98.06,101.23
2024-01-01,2024,1,REGION_A,EXPORT,9618,105.69,99.78,97.93
2024-02-01,2024,2,REGION_A,EXPORT,9505,104.67,99.96,99.21
2024-03-01,2024,3,REGION_A,EXPORT,9136,98.94,102.98,97.67
2024-04-01,2024,4,REGION_A,EXPORT,9223,104.2,104.59,97.45
2024-05-01,2024,5,REGION_A,EXPORT,9047,103.81,101.57,95.98
2024-06-01,2024,6,REGION_A,EXPORT,8994,104.56,100.3,99.06
2024-07-01,2024,7,REGION_A,EXPORT,8815,107.04,99.63,95.91
2024-08-01,2024,8,REGION_A,EXPORT,8210,99.75,98.53,99.76
2024-09-01,2024,9,REGION_A,EXPORT,7839,102.76,95.9,100.87
2024-10-01,2024,10,REGION_A,EXPORT,7823,105.2,98.57,99.13
2024-11-01,2024,11,REGION_A,EXPORT,9168,100.92,98.14,97.55
2024-12-01,2024,12,REGION_A,EXPORT,9904,107.11,98.74,99.46
2025-01-01,2025,1,REGION_A,EXPORT,9710,104.96,101.11,97.61
2025-02-01,2025,2,REGION_A,EXPORT,9540,105.99,101.24,100.78
2025-03-01,2025,3,REGION_A,EXPORT,9963,103.22,102.67,93.91
2025-04-01,2025,4,REGION_A,EXPORT,9972,106.06,102.93,97.71
2025-05-01,2025,5,REGION_A,EXPORT,9148,106.64,103.21,93.63
2025-06-01,2025,6,REGION_A,EXPORT,9529,105.04,102.58,94.92
2025-07-01,2025,7,REGION_A,EXPORT,9063,105.12,95.93,102.13
2025-08-01,2025,8,REGION_A,EXPORT,7859,105.26,97.13,101.01
2025-09-01,2025,9,REGION_A,EXPORT,7962,103.06,94.44,97.03
2025-10-01,2025,10,REGION_A,EXPORT,7511,104.56,97.25,95.13
2025-11-01,2025,11,REGION_A,EXPORT,9520,104.62,97.8,91.53
2025-12-01,2025,12,REGION_A,EXPORT,10192,105.77,97.25,97.64
2020-01-01,2020,1,REGION_B,IMPORT,8879,100.73,101.74,91.26
2020-02-01,2020,2,REGION_B,IMPORT,9334,95.25,105.97,92.75
2020-03-01,2020,3,REGION_B,IMPORT,9406,97.83,102.34,98.77
2020-04-01,2020,4,REGION_B,IMPORT,9494,99.62,104.34,95.88
2020-05-01,2020,5,REGION_B,IMPORT,9048,98.14,102.48,97.14
2020-06-01,2020,6,REGION_B,IMPORT,8417,101.78,98.7,92.43
2020-07-01,2020,7,REGION_B,IMPORT,7867,104.42,98.27,92.54
2020-08-01,2020,8,REGION_B,IMPORT,7838,98.14,98.35,96.51
2020-09-01,2020,9,REGION_B,IMPORT,7586,98.89,95.51,95.6
2020-10-01,2020,10,REGION_B,IMPORT,8278,101.1,94.0,96.88
2020-11-01,2020,11,REGION_B,IMPORT,8893,103.93,97.97,95.09
2020-12-01,2020,12,REGION_B,IMPORT,8806,98.33,98.65,96.32
2021-01-01,2021,1,REGION_B,IMPORT,8703,101.34,101.49,96.07
2021-02-01,2021,2,REGION_B,IMPORT,9235,104.56,103.34,97.68
2021-03-01,2021,3,REGION_B,IMPORT,9255,97.68,101.44,97.81
2021-04-01,2021,4,REGION_B,IMPORT,9080,98.49,101.04,91.8
2021-05-01,2021,5,REGION_B,IMPORT,8998,100.28,102.72,90.28
2021-06-01,2021,6,REGION_B,IMPORT,9166,100.16,99.22,98.46
2021-07-01,2021,7,REGION_B,IMPORT,8322,102.89,94.15,98.98
2021-08-01,2021,8,REGION_B,IMPORT,7700,101.82,97.71,93.52
2021-09-01,2021,9,REGION_B,IMPORT,7741,97.86,96.41,91.48
2021-10-01,2021,10,REGION_B,IMPORT,7847,102.51,95.47,96.43
2021-11-01,2021,11,REGION_B,IMPORT,8692,100.39,96.02,98.57
2021-12-01,2021,12,REGION_B,IMPORT,9447,104.17,101.25,100.79
2022-01-01,2022,1,REGION_B,IMPORT,9002,100.43,102.52,97.64
2022-02-01,2022,2,REGION_B,IMPORT,9350,100.49,107.04,95.48
2022-03-01,2022,3,REGION_B,IMPORT,10149,102.91,104.63,94.23
2022-04-01,2022,4,REGION_B,IMPORT,9127,103.43,104.05,96.55
2022-05-01,2022,5,REGION_B,IMPORT,8685,102.87,101.75,95.83
2022-06-01,2022,6,REGION_B,IMPORT,8452,98.67,101.23,94.1
2022-07-01,2022,7,REGION_B,IMPORT,8910,103.19,98.94,101.81
2022-08-01,2022,8,REGION_B,IMPORT,8281,100.11,98.41,101.21
2022-09-01,2022,9,REGION_B,IMPORT,7980,102.72,95.22,99.64
2022-10-01,2022,10,REGION_B,IMPORT,8693,99.48,95.88,94.56
2022-11-01,2022,11,REGION_B,IMPORT,7777,103.29,97.28,99.05
2022-12-01,2022,12,REGION_B,IMPORT,9637,100.85,101.19,98.57
2023-01-01,2023,1,REGION_B,IMPORT,10420,99.97,104.25,98.13
2023-02-01,2023,2,REGION_B,IMPORT,9374,104.03,102.78,100.21
2023-03-01,2023,3,REGION_B,IMPORT,9647,103.16,103.36,98.73
2023-04-01,2023,4,REGION_B,IMPORT,9524,101.52,103.94,99.05
2023-05-01,2023,5,REGION_B,IMPORT,9544,105.72,101.63,98.85
2023-06-01,2023,6,REGION_B,IMPORT,9473,102.01,101.43,98.16
2023-07-01,2023,7,REGION_B,IMPORT,9567,103.02,94.62,92.91
2023-08-01,2023,8,REGION_B,IMPORT,9277,103.57,95.3,97.63
2023-09-01,2023,9,REGION_B,IMPORT,8059,101.86,94.83,96.09
2023-10-01,2023,10,REGION_B,IMPORT,9282,104.11,93.06,94.34
2023-11-01,2023,11,REGION_B,IMPORT,9167,102.17,96.55,101.8
2023-12-01,2023,12,REGION_B,IMPORT,10489,102.49,98.63,101.97
2024-01-01,2024,1,REGION_B,IMPORT,10082,106.11,101.7,101.1
2024-02-01,2024,2,REGION_B,IMPORT,10111,101.37,105.13,98.4
2024-03-01,2024,3,REGION_B,IMPORT,10135,98.7,103.63,101.19
2024-04-01,2024,4,REGION_B,IMPORT,11517,106.81,101.92,97.9
2024-05-01,2024,5,REGION_B,IMPORT,10599,108.76,101.91,98.44
2024-06-01,2024,6,REGION_B,IMPORT,9540,102.92,101.57,95.25
2024-07-01,2024,7,REGION_B,IMPORT,9643,99.93,96.54,99.03
2024-08-01,2024,8,REGION_B,IMPORT,8574,103.25,95.17,98.25
2024-09-01,2024,9,REGION_B,IMPORT,8288,103.37,96.84,94.9
2024-10-01,2024,10,REGION_B,IMPORT,9181,103.63,96.2,98.08
2024-11-01,2024,11,REGION_B,IMPORT,9396,101.86,98.97,98.07
2024-12-01,2024,12,REGION_B,IMPORT,10194,105.31,99.98,102.82
2025-01-01,2025,1,REGION_B,IMPORT,10365,105.27,103.05,100.62
2025-02-01,2025,2,REGION_B,IMPORT,10382,101.31,101.91,98.47
2025-03-01,2025,3,REGION_B,IMPORT,10543,105.76,103.98,99.11
2025-04-01,2025,4,REGION_B,IMPORT,9638,108.54,103.15,98.66
2025-05-01,2025,5,REGION_B,IMPORT,10636,104.85,100.18,98.1
2025-06-01,2025,6,REGION_B,IMPORT,9625,103.9,97.65,95.96
2025-07-01,2025,7,REGION_B,IMPORT,8987,104.36,99.03,98.34
2025-08-01,2025,8,REGION_B,IMPORT,9003,105.95,96.01,96.91
2025-09-01,2025,9,REGION_B,IMPORT,8694,101.33,94.47,95.71
2025-10-01,2025,10,REGION_B,IMPORT,8798,105.19,96.39,100.17
2025-11-01,2025,11,REGION_B,IMPORT,10063,104.15,99.69,99.92
2025-12-01,2025,12,REGION_B,IMPORT,9665,108.7,96.58,94.53
2020-01-01,2020,1,REGION_B,EXPORT,7601,98.83,102.32,93.75
2020-02-01,2020,2,REGION_B,EXPORT,7396,99.98,104.79,90.92
2020-03-01,2020,3,REGION_B,EXPORT,6916,100.7,104.74,92.5
2020-04-01,2020,4,REGION_B,EXPORT,6855,98.2,105.26,92.62
2020-05-01,2020,5,REGION_B,EXPORT,8042,101.73,102.43,95.36
2020-06-01,2020,6,REGION_B,EXPORT,7224,100.48,99.47,94.6
2020-07-01,2020,7,REGION_B,EXPORT,6357,96.64,98.5,94.5
2020-08-01,2020,8,REGION_B,EXPORT,5927,96.58,92.14,96.94
2020-09-01,2020,9,REGION_B,EXPORT,6236,100.54,96.57,96.3
2020-10-01,2020,10,REGION_B,EXPORT,6114,100.19,91.06,96.3
2020-11-01,2020,11,REGION_B,EXPORT,6469,100.5,95.41,96.59
2020-12-01,2020,12,REGION_B,EXPORT,8141,100.72,100.68,97.16
2021-01-01,2021,1,REGION_B,EXPORT,8576,101.3,102.72,90.41
2021-02-01,2021,2,REGION_B,EXPORT,8128,102.81,101.72,94.82
2021-03-01,2021,3,REGION_B,EXPORT,8194,98.76,102.93,90.34
2021-04-01,2021,4,REGION_B,EXPORT,8516,98.71,105.52,95.94
2021-05-01,2021,5,REGION_B,EXPORT,8408,98.94,101.27,95.89
2021-06-01,2021,6,REGION_B,EXPORT,8047,101.78,103.36,98.57
2021-07-01,2021,7,REGION_B,EXPORT,7404,103.76,98.0,98.98
2021-08-01,2021,8,REGION_B,EXPORT,6596,100.48,97.15,96.58
2021-09-01,2021,9,REGION_B,EXPORT,5427,96.41,98.43,94.88
2021-10-01,2021,10,REGION_B,EXPORT,6662,98.07,96.73,97.4
2021-11-01,2021,11,REGION_B,EXPORT,6324,99.88,96.5,94.92
2021-12-01,2021,12,REGION_B,EXPORT,7326,100.5,99.84,96.29
2022-01-01,2022,1,REGION_B,EXPORT,8743,100.87,101.95,98.82
2022-02-01,2022,2,REGION_B,EXPORT,8489,101.84,101.42,95.01
2022-03-01,2022,3,REGION_B,EXPORT,8853,101.21,103.62,98.48
2022-04-01,2022,4,REGION_B,EXPORT,8093,104.0,102.35,98.21
2022-05-01,2022,5,REGION_B,EXPORT,7561,100.62,103.39,94.19
2022-06-01,2022,6,REGION_B,EXPORT,7746,100.32,100.05,99.07
2022-07-01,2022,7,REGION_B,EXPORT,7344,103.07,97.58,98.44
2022-08-01,2022,8,REGION_B,EXPORT,6552,99.11,96.38,97.0
2022-09-01,2022,9,REGION_B,EXPORT,6884,103.03,96.33,94.9
2022-10-01,2022,10,REGION_B,EXPORT,6452,102.53,97.46,94.71
2022-11-01,2022,11,REGION_B,EXPORT,7456,102.1,96.5,95.57
2022-12-01,2022,12,REGION_B,EXPORT,7584,105.64,98.44,98.33
2023-01-01,2023,1,REGION_B,EXPORT,8529,101.29,103.66,94.64
2023-02-01,2023,2,REGION_B,EXPORT,8492,106.73,102.85,98.18
2023-03-01,2023,3,REGION_B,EXPORT,7898,102.23,101.87,94.04
2023-04-01,2023,4,REGION_B,EXPORT,8244,100.19,104.13,96.69
2023-05-01,2023,5,REGION_B,EXPORT,8351,102.96,102.7,97.53
2023-06-01,2023,6,REGION_B,EXPORT,7972,100.73,97.7,103.42
2023-07-01,2023,7,REGION_B,EXPORT,8302,101.45,98.34,93.92
2023-08-01,2023,8,REGION_B,EXPORT,6886,103.82,97.64,101.1
2023-09-01,2023,9,REGION_B,EXPORT,6496,104.21,96.56,97.85
2023-10-01,2023,10,REGION_B,EXPORT,5847,101.92,97.48,98.56
2023-11-01,2023,11,REGION_B,EXPORT,7159,105.21,95.89,97.89
2023-12-01,2023,12,REGION_B,EXPORT,8208,105.62,100.5,98.76
2024-01-01,2024,1,REGION_B,EXPORT,8310,106.25,101.55,97.32
2024-02-01,2024,2,REGION_B,EXPORT,9376,104.51,102.74,101.4
2024-03-01,2024,3,REGION_B,EXPORT,8616,106.25,105.31,96.68
2024-04-01,2024,4,REGION_B,EXPORT,9292,99.83,105.68,100.7
2024-05-01,2024,5,REGION_B,EXPORT,8717,103.03,104.69,96.32
2024-06-01,2024,6,REGION_B,EXPORT,8388,102.0,101.97,97.84
2024-07-01,2024,7,REGION_B,EXPORT,7678,104.04,97.84,95.36
2024-08-01,2024,8,REGION_B,EXPORT,7091,102.73,97.06,99.24
2024-09-01,2024,9,REGION_B,EXPORT,7734,103.61,97.15,101.77
2024-10-01,2024,10,REGION_B,EXPORT,6088,107.78,96.72,98.02
2024-11-01,2024,11,REGION_B,EXPORT,6835,103.75,98.2,97.78
2024-12-01,2024,12,REGION_B,EXPORT,8244,104.98,101.24,95.54
2025-01-01,2025,1,REGION_B,EXPORT,8824,103.76,101.91,97.81
2025-02-01,2025,2,REGION_B,EXPORT,9152,104.45,102.37,94.45
2025-03-01,2025,3,REGION_B,EXPORT,9057,104.38,103.38,96.21
2025-04-01,2025,4,REGION_B,EXPORT,8782,105.33,104.41,99.12
2025-05-01,2025,5,REGION_B,EXPORT,9531,106.84,102.0,101.9
2025-06-01,2025,6,REGION_B,EXPORT,9328,107.87,100.51,105.68
2025-07-01,2025,7,REGION_B,EXPORT,8112,105.27,99.01,97.25
2025-08-01,2025,8,REGION_B,EXPORT,7888,105.9,95.97,102.36
2025-09-01,2025,9,REGION_B,EXPORT,7176,102.49,97.13,99.44
2025-10-01,2025,10,REGION_B,EXPORT,7109,104.68,97.1,98.51
2025-11-01,2025,11,REGION_B,EXPORT,8460,106.81,96.15,100.03
2025-12-01,2025,12,REGION_B,EXPORT,8899,106.73,102.16,99.15
2020-01-01,2020,1,REGION_C,IMPORT,4493,102.95,102.85,89.79
2020-02-01,2020,2,REGION_C,IMPORT,5081,95.17,102.64,96.59
2020-03-01,2020,3,REGION_C,IMPORT,5276,97.31,102.32,97.0
2020-04-01,2020,4,REGION_C,IMPORT,5394,97.84,101.69,94.54
2020-05-01,2020,5,REGION_C,IMPORT,5245,99.56,102.13,89.02
2020-06-01,2020,6,REGION_C,IMPORT,5099,99.84,100.49,92.79
2020-07-01,2020,7,REGION_C,IMPORT,5050,97.41,96.81,98.42
2020-08-01,2020,8,REGION_C,IMPORT,4310,98.52,96.58,88.45
2020-09-01,2020,9,REGION_C,IMPORT,2420,98.84,96.86,94.58
2020-10-01,2020,10,REGION_C,IMPORT,3917,105.55,97.46,92.56
2020-11-01,2020,11,REGION_C,IMPORT,4645,104.31,100.33,97.57
2020-12-01,2020,12,REGION_C,IMPORT,4397,99.95,101.92,93.93
2021-01-01,2021,1,REGION_C,IMPORT,5457,100.12,100.5,96.69
2021-02-01,2021,2,REGION_C,IMPORT,6030,98.62,105.99,97.15
2021-03-01,2021,3,REGION_C,IMPORT,4969,97.17,103.2,100.38
2021-04-01,2021,4,REGION_C,IMPORT,5697,100.82,105.03,95.34
2021-05-01,2021,5,REGION_C,IMPORT,5119,99.13,102.1,96.84
2021-06-01,2021,6,REGION_C,IMPORT,4952,101.03,99.38,92.25
2021-07-01,2021,7,REGION_C,IMPORT,5310,98.07,95.29,98.99
2021-08-01,2021,8,REGION_C,IMPORT,3907,99.81,96.28,94.17
2021-09-01,2021,9,REGION_C,IMPORT,4119,101.71,93.66,94.72
2021-10-01,2021,10,REGION_C,IMPORT,3489,102.21,97.99,96.13
2021-11-01,2021,11,REGION_C,IMPORT,5670,102.38,100.28,92.33
2021-12-01,2021,12,REGION_C,IMPORT,5625,98.98,98.8,96.87
2022-01-01,2022,1,REGION_C,IMPORT,5733,103.4,102.45,98.77
2022-02-01,2022,2,REGION_C,IMPORT,5979,100.16,102.38,97.14
2022-03-01,2022,3,REGION_C,IMPORT,5137,103.1,103.06,92.49
2022-04-01,2022,4,REGION_C,IMPORT,6349,101.88,104.63,96.21
2022-05-01,2022,5,REGION_C,IMPORT,5652,99.22,101.94,98.43
2022-06-01,2022,6,REGION_C,IMPORT,5475,101.41,102.61,91.94
2022-07-01,2022,7,REGION_C,IMPORT,4817,102.84,97.28,94.0
2022-08-01,2022,8,REGION_C,IMPORT,4320,103.41,98.03,98.94
2022-09-01,2022,9,REGION_C,IMPORT,4561,101.97,96.15,97.48
2022-10-01,2022,10,REGION_C,IMPORT,4749,105.39,97.73,97.89
2022-11-01,2022,11,REGION_C,IMPORT,5516,104.41,97.33,101.56
2022-12-01,2022,12,REGION_C,IMPORT,5727,101.95,99.93,98.14
2023-01-01,2023,1,REGION_C,IMPORT,6296,104.04,101.83,98.67
2023-02-01,2023,2,REGION_C,IMPORT,6034,106.47,102.21,103.86
2023-03-01,2023,3,REGION_C,IMPORT,7115,106.6,104.99,96.61
2023-04-01,2023,4,REGION_C,IMPORT,5385,100.29,104.44,95.2
2023-05-01,2023,5,REGION_C,IMPORT,6647,100.96,102.89,98.32
2023-06-01,2023,6,REGION_C,IMPORT,6580,105.86,102.31,98.41
2023-07-01,2023,7,REGION_C,IMPORT,4953,100.84,100.17,96.05
2023-08-01,2023,8,REGION_C,IMPORT,5633,100.38,95.97,94.84
2023-09-01,2023,9,REGION_C,IMPORT,5029,102.13,96.56,103.25
2023-10-01,2023,10,REGION_C,IMPORT,5255,104.01,95.6,98.35
2023-11-01,2023,11,REGION_C,IMPORT,5427,103.03,98.04,95.76
2023-12-01,2023,12,REGION_C,IMPORT,5909,102.01,99.1,99.94
2024-01-01,2024,1,REGION_C,IMPORT,6235,102.03,104.43,97.43
2024-02-01,2024,2,REGION_C,IMPORT,6495,102.03,104.01,97.13
2024-03-01,2024,3,REGION_C,IMPORT,6921,101.76,103.67,99.22
2024-04-01,2024,4,REGION_C,IMPORT,6583,108.15,105.25,94.64
2024-05-01,2024,5,REGION_C,IMPORT,5991,104.26,98.74,98.81
2024-06-01,2024,6,REGION_C,IMPORT,6561,105.51,96.98,102.77
2024-07-01,2024,7,REGION_C,IMPORT,6038,102.82,99.19,99.21
2024-08-01,2024,8,REGION_C,IMPORT,5331,103.5,96.63,97.16
2024-09-01,2024,9,REGION_C,IMPORT,5118,102.52,96.38,96.89
2024-10-01,2024,10,REGION_C,IMPORT,4835,98.71,94.55,97.19
2024-11-01,2024,11,REGION_C,IMPORT,5262,101.33,97.97,97.63
2024-12-01,2024,12,REGION_C,IMPORT,5897,100.53,103.01,97.38
2025-01-01,2025,1,REGION_C,IMPORT,5852,99.73,103.24,100.67
2025-02-01,2025,2,REGION_C,IMPORT,6650,101.91,103.72,94.1
2025-03-01,2025,3,REGION_C,IMPORT,6679,107.02,103.34,100.65
2025-04-01,2025,4,REGION_C,IMPORT,6486,104.35,102.87,97.6
2025-05-01,2025,5,REGION_C,IMPORT,5454,107.09,98.81,99.55
2025-06-01,2025,6,REGION_C,IMPORT,5915,105.4,100.39,95.84
2025-07-01,2025,7,REGION_C,IMPORT,6497,106.21,99.27,102.04
2025-08-01,2025,8,REGION_C,IMPORT,5029,102.92,94.17,101.89
2025-09-01,2025,9,REGION_C,IMPORT,5318,105.84,95.01,101.23
2025-10-01,2025,10,REGION_C,IMPORT,4773,106.32,94.8,95.1
2025-11-01,2025,11,REGION_C,IMPORT,6607,103.78,96.55,101.02
2025-12-01,2025,12,REGION_C,IMPORT,6577,106.12,100.08,100.01
2020-01-01,2020,1,REGION_C,EXPORT,8339,104.65,101.53,91.53
2020-02-01,2020,2,REGION_C,EXPORT,9221,103.1,100.56,91.53
2020-03-01,2020,3,REGION_C,EXPORT,8860,99.53,102.1,94.68
2020-04-01,2020,4,REGION_C,EXPORT,7896,99.02,99.34,93.35
2020-05-01,2020,5,REGION_C,EXPORT,8467,99.63,101.65,96.17
2020-06-01,2020,6,REGION_C,EXPORT,8102,101.37,99.72,96.41
2020-07-01,2020,7,REGION_C,EXPORT,7563,100.21,97.36,96.14
2020-08-01,2020,8,REGION_C,EXPORT,6435,99.7,98.15,95.99
2020-09-01,2020,9,REGION_C,EXPORT,6600,103.5,97.8,99.4
2020-10-01,2020,10,REGION_C,EXPORT,5947,100.41,96.28,92.84
2020-11-01,2020,11,REGION_C,EXPORT,7600,105.3,94.8,95.43
2020-12-01,2020,12,REGION_C,EXPORT,8416,100.96,100.93,98.45
2021-01-01,2021,1,REGION_C,EXPORT,8498,104.42,102.83,98.84
2021-02-01,2021,2,REGION_C,EXPORT,7673,101.63,103.93,92.18
2021-03-01,2021,3,REGION_C,EXPORT,9025,102.91,105.47,95.01
2021-04-01,2021,4,REGION_C,EXPORT,8666,99.61,101.72,99.24
2021-05-01,2021,5,REGION_C,EXPORT,8176,99.42,105.01,97.17
2021-06-01,2021,6,REGION_C,EXPORT,8064,102.12,98.56,96.45
2021-07-01,2021,7,REGION_C,EXPORT,6892,103.24,99.12,95.47
2021-08-01,2021,8,REGION_C,EXPORT,6330,101.42,94.0,95.11
2021-09-01,2021,9,REGION_C,EXPORT,6263,98.84,94.6,96.85
2021-10-01,2021,10,REGION_C,EXPORT,7494,98.76,98.81,95.55
2021-11-01,2021,11,REGION_C,EXPORT,7212,98.7,97.61,96.13
2021-12-01,2021,12,REGION_C,EXPORT,8520,98.08,101.26,96.49
2022-01-01,2022,1,REGION_C,EXPORT,8319,101.91,102.36,94.66
2022-02-01,2022,2,REGION_C,EXPORT,8824,104.01,103.31,97.74
2022-03-01,2022,3,REGION_C,EXPORT,8668,101.8,106.05,103.75
2022-04-01,2022,4,REGION_C,EXPORT,8897,97.38,103.11,92.08
2022-05-01,2022,5,REGION_C,EXPORT,8323,101.59,99.33,97.39
2022-06-01,2022,6,REGION_C,EXPORT,7501,101.72,98.8,94.73
2022-07-01,2022,7,REGION_C,EXPORT,7166,106.3,98.83,98.13
2022-08-01,2022,8,REGION_C,EXPORT,6707,99.27,97.13,96.86
2022-09-01,2022,9,REGION_C,EXPORT,6092,101.47,93.65,98.71
2022-10-01,2022,10,REGION_C,EXPORT,7367,105.74,95.45,99.8
2022-11-01,2022,11,REGION_C,EXPORT,7532,103.29,97.13,97.4
2022-12-01,2022,12,REGION_C,EXPORT,9637,103.59,99.45,99.8
2023-01-01,2023,1,REGION_C,EXPORT,7759,102.76,99.94,91.17
2023-02-01,2023,2,REGION_C,EXPORT,8916,103.27,102.52,101.06
2023-03-01,2023,3,REGION_C,EXPORT,8212,104.23,102.91,98.08
2023-04-01,2023,4,REGION_C,EXPORT,8558,101.13,104.62,99.89
2023-05-01,2023,5,REGION_C,EXPORT,8877,104.57,103.21,94.2
2023-06-01,2023,6,REGION_C,EXPORT,7218,100.14,99.78,95.23
2023-07-01,2023,7,REGION_C,EXPORT,7968,103.61,97.41,97.73
2023-08-01,2023,8,REGION_C,EXPORT,8126,103.39,96.75,97.38
2023-09-01,2023,9,REGION_C,EXPORT,6617,101.87,94.78,98.19
2023-10-01,2023,10,REGION_C,EXPORT,7323,103.12,94.82,100.25
2023-11-01,2023,11,REGION_C,EXPORT,8274,101.99,96.59,93.18
2023-12-01,2023,12,REGION_C,EXPORT,8417,101.17,99.05,100.08
2024-01-01,2024,1,REGION_C,EXPORT,8527,102.67,100.25,97.72
2024-02-01,2024,2,REGION_C,EXPORT,7714,101.24,103.71,97.25
2024-03-01,2024,3,REGION_C,EXPORT,9183,104.17,105.09,94.14
2024-04-01,2024,4,REGION_C,EXPORT,8776,101.29,101.08,99.13
2024-05-01,2024,5,REGION_C,EXPORT,8371,105.09,102.04,91.89
2024-06-01,2024,6,REGION_C,EXPORT,8625,101.37,99.67,99.61
2024-07-01,2024,7,REGION_C,EXPORT,7619,102.67,98.51,94.31
2024-08-01,2024,8,REGION_C,EXPORT,7014,102.62,96.52,98.23
2024-09-01,2024,9,REGION_C,EXPORT,7348,106.59,93.82,97.86
2024-10-01,2024,10,REGION_C,EXPORT,6686,104.67,94.64,101.14
2024-11-01,2024,11,REGION_C,EXPORT,8525,103.66,98.04,97.82
2024-12-01,2024,12,REGION_C,EXPORT,8021,105.15,101.54,96.59
2025-01-01,2025,1,REGION_C,EXPORT,8483,100.01,98.68,97.11
2025-02-01,2025,2,REGION_C,EXPORT,10039,104.21,103.98,101.62
2025-03-01,2025,3,REGION_C,EXPORT,9728,108.36,105.78,99.83
2025-04-01,2025,4,REGION_C,EXPORT,9098,104.7,103.23,97.59
2025-05-01,2025,5,REGION_C,EXPORT,8596,104.64,102.83,98.01
2025-06-01,2025,6,REGION_C,EXPORT,8441,105.67,98.95,94.74
2025-07-01,2025,7,REGION_C,EXPORT,8206,106.44,97.82,99.69
2025-08-01,2025,8,REGION_C,EXPORT,7251,100.72,94.1,94.38
2025-09-01,2025,9,REGION_C,EXPORT,6983,101.42,92.48,100.71
2025-10-01,2025,10,REGION_C,EXPORT,7495,105.28,97.95,99.21
2025-11-01,2025,11,REGION_C,EXPORT,8065,103.5,96.52,104.91
2025-12-01,2025,12,REGION_C,EXPORT,8121,107.62,99.32,96.25
2020-01-01,2020,1,REGION_D,IMPORT,6363,101.83,102.0,90.93
2020-02-01,2020,2,REGION_D,IMPORT,5497,97.33,103.52,96.87
2020-03-01,2020,3,REGION_D,IMPORT,6060,99.76,105.44,98.67
2020-04-01,2020,4,REGION_D,IMPORT,6322,98.57,100.53,94.03
2020-05-01,2020,5,REGION_D,IMPORT,5849,100.5,99.04,95.48
2020-06-01,2020,6,REGION_D,IMPORT,6395,99.57,100.41,90.26
2020-07-01,2020,7,REGION_D,IMPORT,5095,103.38,97.99,96.0
2020-08-01,2020,8,REGION_D,IMPORT,4838,101.51,96.79,92.74
2020-09-01,2020,9,REGION_D,IMPORT,4410,97.94,95.31,95.95
2020-10-01,2020,10,REGION_D,IMPORT,5070,101.98,97.53,91.6
2020-11-01,2020,11,REGION_D,IMPORT,5332,99.15,99.4,96.92
2020-12-01,2020,12,REGION_D,IMPORT,6074,99.62,100.73,98.18
2021-01-01,2021,1,REGION_D,IMPORT,6347,101.47,101.61,93.72
2021-02-01,2021,2,REGION_D,IMPORT,6075,99.93,100.3,92.89
2021-03-01,2021,3,REGION_D,IMPORT,6690,102.77,105.15,90.4
2021-04-01,2021,4,REGION_D,IMPORT,6622,99.51,105.3,95.18
2021-05-01,2021,5,REGION_D,IMPORT,6464,99.89,102.97,94.45
2021-06-01,2021,6,REGION_D,IMPORT,5994,99.88,98.68,92.08
2021-07-01,2021,7,REGION_D,IMPORT,6080,100.14,99.01,97.15
2021-08-01,2021,8,REGION_D,IMPORT,5122,103.54,97.83,94.95
2021-09-01,2021,9,REGION_D,IMPORT,4834,102.67,98.34,93.44
2021-10-01,2021,10,REGION_D,IMPORT,5281,104.9,95.22,94.8
2021-11-01,2021,11,REGION_D,IMPORT,6655,106.08,97.66,98.92
2021-12-01,2021,12,REGION_D,IMPORT,5792,99.56,101.12,97.8
2022-01-01,2022,1,REGION_D,IMPORT,6994,101.83,102.09,96.03
2022-02-01,2022,2,REGION_D,IMPORT,5825,99.41,101.79,97.96
2022-03-01,2022,3,REGION_D,IMPORT,6719,100.28,104.62,93.56
2022-04-01,2022,4,REGION_D,IMPORT,7392,100.64,104.33,96.6
2022-05-01,2022,5,REGION_D,IMPORT,6898,99.86,102.13,96.95
2022-06-01,2022,6,REGION_D,IMPORT,6493,99.94,100.33,95.46
2022-07-01,2022,7,REGION_D,IMPORT,5695,101.82,97.61,97.78
2022-08-01,2022,8,REGION_D,IMPORT,5337,99.75,98.75,94.8
2022-09-01,2022,9,REGION_D,IMPORT,5049,103.94,94.65,98.08
2022-10-01,2022,10,REGION_D,IMPORT,5020,100.49,95.65,98.24
2022-11-01,2022,11,REGION_D,IMPORT,5924,108.01,98.02,89.62
2022-12-01,2022,12,REGION_D,IMPORT,6696,101.56,101.32,99.95
2023-01-01,2023,1,REGION_D,IMPORT,6414,102.68,99.75,89.41
2023-02-01,2023,2,REGION_D,IMPORT,6444,100.01,101.5,95.54
2023-03-01,2023,3,REGION_D,IMPORT,6358,106.09,100.94,99.7
2023-04-01,2023,4,REGION_D,IMPORT,7142,104.99,103.51,96.4
2023-05-01,2023,5,REGION_D,IMPORT,7107,103.41,100.32,93.59
2023-06-01,2023,6,REGION_D,IMPORT,6673,100.19,99.42,94.58
2023-07-01,2023,7,REGION_D,IMPORT,6604,103.38,98.99,99.93
2023-08-01,2023,8,REGION_D,IMPORT,5480,100.79,95.57,92.62
2023-09-01,2023,9,REGION_D,IMPORT,5600,106.02,96.35,100.3
2023-10-01,2023,10,REGION_D,IMPORT,5755,104.79,96.09,97.4
2023-11-01,2023,11,REGION_D,IMPORT,6151,103.43,99.01,94.61
2023-12-01,2023,12,REGION_D,IMPORT,6434,98.44,100.71,96.19
2024-01-01,2024,1,REGION_D,IMPORT,7920,101.41,100.96,95.16
2024-02-01,2024,2,REGION_D,IMPORT,6958,104.83,103.21,99.93
2024-03-01,2024,3,REGION_D,IMPORT,6903,105.95,105.57,99.65
2024-04-01,2024,4,REGION_D,IMPORT,7330,105.81,104.05,93.58
2024-05-01,2024,5,REGION_D,IMPORT,7119,100.48,99.9,96.92
2024-06-01,2024,6,REGION_D,IMPORT,6282,104.34,100.98,95.83
2024-07-01,2024,7,REGION_D,IMPORT,6872,105.83,96.37,101.28
2024-08-01,2024,8,REGION_D,IMPORT,5647,100.56,98.65,94.72
2024-09-01,2024,9,REGION_D,IMPORT,5125,103.93,97.54,102.17
2024-10-01,2024,10,REGION_D,IMPORT,6326,104.56,96.97,98.13
2024-11-01,2024,11,REGION_D,IMPORT,6628,103.48,98.24,95.36
2024-12-01,2024,12,REGION_D,IMPORT,6327,100.45,99.69,96.63
2025-01-01,2025,1,REGION_D,IMPORT,8005,103.57,103.02,96.38
2025-02-01,2025,2,REGION_D,IMPORT,7521,103.64,102.91,95.25
2025-03-01,2025,3,REGION_D,IMPORT,7283,104.07,104.35,98.73
2025-04-01,2025,4,REGION_D,IMPORT,7975,103.31,104.77,95.48
2025-05-01,2025,5,REGION_D,IMPORT,7303,103.62,101.16,93.15
2025-06-01,2025,6,REGION_D,IMPORT,7037,104.5,99.08,97.71
2025-07-01,2025,7,REGION_D,IMPORT,6193,105.53,96.21,94.21
2025-08-01,2025,8,REGION_D,IMPORT,6152,104.11,94.94,96.89
2025-09-01,2025,9,REGION_D,IMPORT,5841,103.97,93.26,96.56
2025-10-01,2025,10,REGION_D,IMPORT,6003,105.04,97.63,96.71
2025-11-01,2025,11,REGION_D,IMPORT,6282,101.09,100.71,103.95
2025-12-01,2025,12,REGION_D,IMPORT,7293,105.95,102.14,99.14
2020-01-01,2020,1,REGION_D,EXPORT,10339,97.33,103.31,93.15
2020-02-01,2020,2,REGION_D,EXPORT,9320,97.13,102.26,93.52
2020-03-01,2020,3,REGION_D,EXPORT,9083,101.27,101.29,92.99
2020-04-01,2020,4,REGION_D,EXPORT,10221,95.01,105.78,92.48
2020-05-01,2020,5,REGION_D,EXPORT,10134,100.69,102.38,94.48
2020-06-01,2020,6,REGION_D,EXPORT,9164,99.4,97.43,92.24
2020-07-01,2020,7,REGION_D,EXPORT,8239,103.04,96.93,96.18
2020-08-01,2020,8,REGION_D,EXPORT,7932,99.51,97.69,95.52
2020-09-01,2020,9,REGION_D,EXPORT,8045,101.88,95.58,96.65
2020-10-01,2020,10,REGION_D,EXPORT,8901,99.84,95.77,96.78
2020-11-01,2020,11,REGION_D,EXPORT,8599,100.93,100.1,97.07
2020-12-01,2020,12,REGION_D,EXPORT,9664,102.25,98.43,94.69
2021-01-01,2021,1,REGION_D,EXPORT,10401,99.92,100.8,100.98
2021-02-01,2021,2,REGION_D,EXPORT,8975,102.91,103.78,96.32
2021-03-01,2021,3,REGION_D,EXPORT,10480,99.0,104.59,91.13
2021-04-01,2021,4,REGION_D,EXPORT,9540,101.65,104.21,93.34
2021-05-01,2021,5,REGION_D,EXPORT,10310,102.97,103.37,91.55
2021-06-01,2021,6,REGION_D,EXPORT,9997,102.52,100.3,96.0
2021-07-01,2021,7,REGION_D,EXPORT,9858,105.1,98.73,95.71
2021-08-01,2021,8,REGION_D,EXPORT,8758,99.81,96.15,94.9
2021-09-01,2021,9,REGION_D,EXPORT,7094,98.65,96.09,101.15
2021-10-01,2021,10,REGION_D,EXPORT,8170,99.49,96.7,97.56
2021-11-01,2021,11,REGION_D,EXPORT,9425,102.87,98.32,98.05
2021-12-01,2021,12,REGION_D,EXPORT,9878,102.62,101.16,93.97
2022-01-01,2022,1,REGION_D,EXPORT,10517,101.89,102.83,93.85
2022-02-01,2022,2,REGION_D,EXPORT,10667,99.51,103.53,96.5
2022-03-01,2022,3,REGION_D,EXPORT,10640,103.36,102.79,96.9
2022-04-01,2022,4,REGION_D,EXPORT,10144,99.45,103.57,91.88
2022-05-01,2022,5,REGION_D,EXPORT,9514,104.29,101.96,96.13
2022-06-01,2022,6,REGION_D,EXPORT,10011,107.76,100.29,96.67
2022-07-01,2022,7,REGION_D,EXPORT,9739,102.85,101.31,96.15
2022-08-01,2022,8,REGION_D,EXPORT,8243,103.35,95.75,94.71
2022-09-01,2022,9,REGION_D,EXPORT,8803,101.27,96.63,95.45
2022-10-01,2022,10,REGION_D,EXPORT,9215,98.7,98.14,96.42
2022-11-01,2022,11,REGION_D,EXPORT,9574,101.19,98.15,97.14
2022-12-01,2022,12,REGION_D,EXPORT,8717,100.28,103.51,98.48
2023-01-01,2023,1,REGION_D,EXPORT,9853,99.64,101.43,99.73
2023-02-01,2023,2,REGION_D,EXPORT,11603,106.05,103.95,96.35
2023-03-01,2023,3,REGION_D,EXPORT,10268,103.22,102.8,96.0
2023-04-01,2023,4,REGION_D,EXPORT,9662,103.51,102.94,98.29
2023-05-01,2023,5,REGION_D,EXPORT,11242,102.2,102.37,98.78
2023-06-01,2023,6,REGION_D,EXPORT,10333,102.54,101.27,96.22
2023-07-01,2023,7,REGION_D,EXPORT,10334,104.89,98.48,99.34
2023-08-01,2023,8,REGION_D,EXPORT,9245,102.96,98.42,99.87
2023-09-01,2023,9,REGION_D,EXPORT,9062,104.16,95.86,100.71
2023-10-01,2023,10,REGION_D,EXPORT,9300,102.78,96.04,101.98
2023-11-01,2023,11,REGION_D,EXPORT,10162,102.56,102.06,95.43
2023-12-01,2023,12,REGION_D,EXPORT,11513,100.5,100.59,97.68
2024-01-01,2024,1,REGION_D,EXPORT,11138,99.42,100.92,97.73
2024-02-01,2024,2,REGION_D,EXPORT,10005,102.93,102.42,97.52
2024-03-01,2024,3,REGION_D,EXPORT,10983,103.63,102.59,96.19
2024-04-01,2024,4,REGION_D,EXPORT,11342,101.02,104.87,94.16
2024-05-01,2024,5,REGION_D,EXPORT,11451,103.59,101.45,98.16
2024-06-01,2024,6,REGION_D,EXPORT,10341,103.84,100.19,96.07
2024-07-01,2024,7,REGION_D,EXPORT,10411,99.49,97.9,98.26
2024-08-01,2024,8,REGION_D,EXPORT,9693,102.04,97.63,96.11
2024-09-01,2024,9,REGION_D,EXPORT,10247,104.76,94.73,95.41
2024-10-01,2024,10,REGION_D,EXPORT,8952,104.79,94.92,98.8
2024-11-01,2024,11,REGION_D,EXPORT,9728,101.78,98.34,98.64
2024-12-01,2024,12,REGION_D,EXPORT,10588,104.47,100.9,99.77
2025-01-01,2025,1,REGION_D,EXPORT,10922,106.27,102.5,103.84
2025-02-01,2025,2,REGION_D,EXPORT,10656,105.85,102.25,99.13
2025-03-01,2025,3,REGION_D,EXPORT,9718,104.18,105.02,99.71
2025-04-01,2025,4,REGION_D,EXPORT,10814,103.5,102.35,95.86
2025-05-01,2025,5,REGION_D,EXPORT,11203,103.25,101.22,95.39
2025-06-01,2025,6,REGION_D,EXPORT,10622,105.51,98.58,102.62
2025-07-01,2025,7,REGION_D,EXPORT,11169,105.04,99.95,96.41
2025-08-01,2025,8,REGION_D,EXPORT,9557,105.98,97.49,96.16
2025-09-01,2025,9,REGION_D,EXPORT,9922,105.05,96.91,98.73
2025-10-01,2025,10,REGION_D,EXPORT,9780,106.5,98.41,98.66
2025-11-01,2025,11,REGION_D,EXPORT,10743,105.12,102.22,96.69
2025-12-01,2025,12,REGION_D,EXPORT,11059,106.57,97.44,98.24
